[
{
  "id": "pokemon",
  "pokemon": [
    {
      "id": 1,
      "num": "001",
      "name": "Bulbasaur",
      "type": [
        "Grass",
        "Poison"
      ],
      "weaknesses": [
        "Fire",
        "Ice",
        "Flying",
        "Psychic"
      ]
    },
    {
      "id": 2,
      "num": "002",
      "name": "Ivysaur",
      "type": [
        "Grass",
        "Poison"
      ],
      "weaknesses": [
        "Fire",
        "Ice",
        "Flying",
        "Psychic"
      ]
    },
    {
      "id": 3,
      "num": "003",
      "name": "Venusaur",
      "type": [
        "Grass",
        "Poison"
      ],
      "weaknesses": [
        "Fire",
        "Ice",
        "Flying",
        "Psychic"
      ]
    },
    {
      "id": 4,
      "num": "004",
      "name": "Charmander",
      "type": [
        "Fire"
      ],
      "weaknesses": [
        "Water",
        "Ground",
        "Rock"
      ]
    },
    {
      "id": 5,
      "num": "005",
      "name": "Charmeleon",
      "type": [
        "Fire"
      ],
      "weaknesses": [
        "Water",
        "Ground",
        "Rock"
      ]
    },
    {
      "id": 6,
      "num": "006",
      "name": "Charizard",
      "type": [
        "Fire",
        "Flying"
      ],
      "weaknesses": [
        "Water",
        "Electric",
        "Rock"
      ]
    },
    {
      "id": 7,
      "num": "007",
      "name": "Squirtle",
      "type": [
        "Water"
      ],
      "weaknesses": [
        "Electric",
        "Grass"
      ]
    },
    {
      "id": 8,
      "num": "008",
      "name": "Wartortle",
      "type": [
        "Water"
      ],
      "weaknesses": [
        "Electric",
        "Grass"
      ]
    },
    {
      "id": 9,
      "num": "009",
      "name": "Blastoise",
      "type": [
        "Water"
      ],
      "weaknesses": [
        "Electric",
        "Grass"
      ]
    },
    {
      "id": 10,
      "num": "010",
      "name": "Caterpie",
      "type": [
        "Bug"
      ],
      "weaknesses": [
        "Fire",
        "Flying",
        "Rock"
      ]
    },
    {
      "id": 11,
      "num": "011",
      "name": "Metapod",
      "type": [
        "Bug"
      ],
      "weaknesses": [
        "Fire",
        "Flying",
        "Rock"
      ]
    },
    {
      "id": 12,
      "num": "012",
      "name": "Butterfree",
      "type": [
        "Bug",
        "Flying"
      ],
      "weaknesses": [
        "Fire",
        "Electric",
        "Ice",
        "Flying",
        "Rock"
      ]
    },
    {
      "id": 13,
      "num": "013",
      "name": "Weedle",
      "type": [
        "Bug",
        "Poison"
      ],
      "weaknesses": [
        "Fire",
        "Flying",
        "Psychic",
        "Rock"
      ]
    },
    {
      "id": 14,
      "num": "014",
      "name": "Kakuna",
      "type": [
        "Bug",
        "Poison"
      ],
      "weaknesses": [
        "Fire",
        "Flying",
        "Psychic",
        "Rock"
      ]
    },
    {
      "id": 15,
      "num": "015",
      "name": "Beedrill",
      "type": [
        "Bug",
        "Poison"
      ],
      "weaknesses": [
        "Fire",
        "Flying",
        "Psychic",
        "Rock"
      ]
    },
    {
      "id": 16,
      "num": "016",
      "name": "Pidgey",
      "type": [
        "Normal",
        "Flying"
      ],
      "weaknesses": [
        "Electric",
        "Rock"
      ]
    },
    {
      "id": 17,
      "num": "017",
      "name": "Pidgeotto",
      "type": [
        "Normal",
        "Flying"
      ],
      "weaknesses": [
        "Electric",
        "Rock"
      ]
    },
    {
      "id": 18,
      "num": "018",
      "name": "Pidgeot",
      "type": [
        "Normal",
        "Flying"
      ],
      "weaknesses": [
        "Electric",
        "Rock"
      ]
    },
    {
      "id": 19,
      "num": "019",
      "name": "Rattata",
      "type": [
        "Normal"
      ],
      "weaknesses": [
        "Fighting"
      ]
    },
    {
      "id": 20,
      "num": "020",
      "name": "Raticate",
      "type": [
        "Normal"
      ],
      "weaknesses": [
        "Fighting"
      ]
    },
    {
      "id": 21,
      "num": "021",
      "name": "Spearow",
      "type": [
        "Normal",
        "Flying"
      ],
      "weaknesses": [
        "Electric",
        "Rock"
      ]
    },
    {
      "id": 22,
      "num": "022",
      "name": "Fearow",
      "type": [
        "Normal",
        "Flying"
      ],
      "weaknesses": [
        "Electric",
        "Rock"
      ]
    },
    {
      "id": 23,
      "num": "023",
      "name": "Ekans",
      "type": [
        "Poison"
      ],
      "weaknesses": [
        "Ground",
        "Psychic"
      ]
    },
    {
      "id": 24,
      "num": "024",
      "name": "Arbok",
      "type": [
        "Poison"
      ],
      "weaknesses": [
        "Ground",
        "Psychic"
      ]
    },
    {
      "id": 25,
      "num": "025",
      "name": "Pikachu",
      "type": [
        "Electric"
      ],
      "weaknesses": [
        "Ground"
      ]
    },
    {
      "id": 26,
      "num": "026",
      "name": "Raichu",
      "type": [
        "Electric"
      ],
      "weaknesses": [
        "Ground"
      ]
    },
    {
      "id": 27,
      "num": "027",
      "name": "Sandshrew",
      "type": [
        "Ground"
      ],
      "weaknesses": [
        "Water",
        "Grass",
        "Ice"
      ]
    },
    {
      "id": 28,
      "num": "028",
      "name": "Sandslash",
      "type": [
        "Ground"
      ],
      "weaknesses": [
        "Water",
        "Grass",
        "Ice"
      ]
    },
    {
      "id": 29,
      "num": "029",
      "name": "Nidoran \u00e2\u2122\u20ac",
      "type": [
        "Poison"
      ],
      "weaknesses": [
        "Ground",
        "Psychic"
      ]
    },
    {
      "id": 30,
      "num": "030",
      "name": "Nidorina",
      "type": [
        "Poison"
      ],
      "weaknesses": [
        "Ground",
        "Psychic"
      ]
    },
    {
      "id": 31,
      "num": "031",
      "name": "Nidoqueen",
      "type": [
        "Poison",
        "Ground"
      ],
      "weaknesses": [
        "Water",
        "Ice",
        "Ground",
        "Psychic"
      ]
    },
    {
      "id": 32,
      "num": "032",
      "name": "Nidoran \u00e2\u2122\u201a",
      "type": [
        "Poison"
      ],
      "weaknesses": [
        "Ground",
        "Psychic"
      ]
    },
    {
      "id": 33,
      "num": "033",
      "name": "Nidorino",
      "type": [
        "Poison"
      ],
      "weaknesses": [
        "Ground",
        "Psychic"
      ]
    },
    {
      "id": 34,
      "num": "034",
      "name": "Nidoking",
      "type": [
        "Poison",
        "Ground"
      ],
      "weaknesses": [
        "Water",
        "Ice",
        "Ground",
        "Psychic"
      ]
    },
    {
      "id": 35,
      "num": "035",
      "name": "Clefairy",
      "type": [
        "Normal"
      ],
      "weaknesses": [
        "Fighting"
      ]
    },
    {
      "id": 36,
      "num": "036",
      "name": "Clefable",
      "type": [
        "Normal"
      ],
      "weaknesses": [
        "Fighting"
      ]
    },
    {
      "id": 37,
      "num": "037",
      "name": "Vulpix",
      "type": [
        "Fire"
      ],
      "weaknesses": [
        "Water",
        "Ground",
        "Rock"
      ]
    },
    {
      "id": 38,
      "num": "038",
      "name": "Ninetales",
      "type": [
        "Fire"
      ],
      "weaknesses": [
        "Water",
        "Ground",
        "Rock"
      ]
    },
    {
      "id": 39,
      "num": "039",
      "name": "Jigglypuff",
      "type": [
        "Normal"
      ],
      "weaknesses": [
        "Fighting"
      ]
    },
    {
      "id": 40,
      "num": "040",
      "name": "Wigglytuff",
      "type": [
        "Normal"
      ],
      "weaknesses": [
        "Fighting"
      ]
    },
    {
      "id": 41,
      "num": "041",
      "name": "Zubat",
      "type": [
        "Poison",
        "Flying"
      ],
      "weaknesses": [
        "Electric",
        "Ice",
        "Psychic",
        "Rock"
      ]
    },
    {
      "id": 42,
      "num": "042",
      "name": "Golbat",
      "type": [
        "Poison",
        "Flying"
      ],
      "weaknesses": [
        "Electric",
        "Ice",
        "Psychic",
        "Rock"
      ]
    },
    {
      "id": 43,
      "num": "043",
      "name": "Oddish",
      "type": [
        "Grass",
        "Poison"
      ],
      "weaknesses": [
        "Fire",
        "Ice",
        "Flying",
        "Psychic"
      ]
    },
    {
      "id": 44,
      "num": "044",
      "name": "Gloom",
      "type": [
        "Grass",
        "Poison"
      ],
      "weaknesses": [
        "Fire",
        "Ice",
        "Flying",
        "Psychic"
      ]
    },
    {
      "id": 45,
      "num": "045",
      "name": "Vileplume",
      "type": [
        "Grass",
        "Poison"
      ],
      "weaknesses": [
        "Fire",
        "Ice",
        "Flying",
        "Psychic"
      ]
    },
    {
      "id": 46,
      "num": "046",
      "name": "Paras",
      "type": [
        "Bug",
        "Grass"
      ],
      "weaknesses": [
        "Fire",
        "Ice",
        "Poison",
        "Flying",
        "Bug",
        "Rock"
      ]
    },
    {
      "id": 47,
      "num": "047",
      "name": "Parasect",
      "type": [
        "Bug",
        "Grass"
      ],
      "weaknesses": [
        "Fire",
        "Ice",
        "Poison",
        "Flying",
        "Bug",
        "Rock"
      ]
    },
    {
      "id": 48,
      "num": "048",
      "name": "Venonat",
      "type": [
        "Bug",
        "Poison"
      ],
      "weaknesses": [
        "Fire",
        "Flying",
        "Psychic",
        "Rock"
      ]
    },
    {
      "id": 49,
      "num": "049",
      "name": "Venomoth",
      "type": [
        "Bug",
        "Poison"
      ],
      "weaknesses": [
        "Fire",
        "Flying",
        "Psychic",
        "Rock"
      ]
    },
    {
      "id": 50,
      "num": "050",
      "name": "Diglett",
      "type": [
        "Ground"
      ],
      "weaknesses": [
        "Water",
        "Grass",
        "Ice"
      ]
    },
    {
      "id": 51,
      "num": "051",
      "name": "Dugtrio",
      "type": [
        "Ground"
      ],
      "weaknesses": [
        "Water",
        "Grass",
        "Ice"
      ]
    },
    {
      "id": 52,
      "num": "052",
      "name": "Meowth",
      "type": [
        "Normal"
      ],
      "weaknesses": [
        "Fighting"
      ]
    },
    {
      "id": 53,
      "num": "053",
      "name": "Persian",
      "type": [
        "Normal"
      ],
      "weaknesses": [
        "Fighting"
      ]
    },
    {
      "id": 54,
      "num": "054",
      "name": "Psyduck",
      "type": [
        "Water"
      ],
      "weaknesses": [
        "Electric",
        "Grass"
      ]
    },
    {
      "id": 55,
      "num": "055",
      "name": "Golduck",
      "type": [
        "Water"
      ],
      "weaknesses": [
        "Electric",
        "Grass"
      ]
    },
    {
      "id": 56,
      "num": "056",
      "name": "Mankey",
      "type": [
        "Fighting"
      ],
      "weaknesses": [
        "Flying",
        "Psychic",
        "Fairy"
      ]
    },
    {
      "id": 57,
      "num": "057",
      "name": "Primeape",
      "type": [
        "Fighting"
      ],
      "weaknesses": [
        "Flying",
        "Psychic",
        "Fairy"
      ]
    },
    {
      "id": 58,
      "num": "058",
      "name": "Growlithe",
      "type": [
        "Fire"
      ],
      "weaknesses": [
        "Water",
        "Ground",
        "Rock"
      ]
    },
    {
      "id": 59,
      "num": "059",
      "name": "Arcanine",
      "type": [
        "Fire"
      ],
      "weaknesses": [
        "Water",
        "Ground",
        "Rock"
      ]
    },
    {
      "id": 60,
      "num": "060",
      "name": "Poliwag",
      "type": [
        "Water"
      ],
      "weaknesses": [
        "Electric",
        "Grass"
      ]
    },
    {
      "id": 61,
      "num": "061",
      "name": "Poliwhirl",
      "type": [
        "Water"
      ],
      "weaknesses": [
        "Electric",
        "Grass"
      ]
    },
    {
      "id": 62,
      "num": "062",
      "name": "Poliwrath",
      "type": [
        "Water",
        "Fighting"
      ],
      "weaknesses": [
        "Electric",
        "Grass",
        "Flying",
        "Psychic",
        "Fairy"
      ]
    },
    {
      "id": 63,
      "num": "063",
      "name": "Abra",
      "type": [
        "Psychic"
      ],
      "weaknesses": [
        "Bug",
        "Ghost",
        "Dark"
      ]
    },
    {
      "id": 64,
      "num": "064",
      "name": "Kadabra",
      "type": [
        "Psychic"
      ],
      "weaknesses": [
        "Bug",
        "Ghost",
        "Dark"
      ]
    },
    {
      "id": 65,
      "num": "065",
      "name": "Alakazam",
      "type": [
        "Psychic"
      ],
      "weaknesses": [
        "Bug",
        "Ghost",
        "Dark"
      ]
    },
    {
      "id": 66,
      "num": "066",
      "name": "Machop",
      "type": [
        "Fighting"
      ],
      "weaknesses": [
        "Flying",
        "Psychic",
        "Fairy"
      ]
    },
    {
      "id": 67,
      "num": "067",
      "name": "Machoke",
      "type": [
        "Fighting"
      ],
      "weaknesses": [
        "Flying",
        "Psychic",
        "Fairy"
      ]
    },
    {
      "id": 68,
      "num": "068",
      "name": "Machamp",
      "type": [
        "Fighting"
      ],
      "weaknesses": [
        "Flying",
        "Psychic",
        "Fairy"
      ]
    },
    {
      "id": 69,
      "num": "069",
      "name": "Bellsprout",
      "type": [
        "Grass",
        "Poison"
      ],
      "weaknesses": [
        "Fire",
        "Ice",
        "Flying",
        "Psychic"
      ]
    },
    {
      "id": 70,
      "num": "070",
      "name": "Weepinbell",
      "type": [
        "Grass",
        "Poison"
      ],
      "weaknesses": [
        "Fire",
        "Ice",
        "Flying",
        "Psychic"
      ]
    },
    {
      "id": 71,
      "num": "071",
      "name": "Victreebel",
      "type": [
        "Grass",
        "Poison"
      ],
      "weaknesses": [
        "Fire",
        "Ice",
        "Flying",
        "Psychic"
      ]
    },
    {
      "id": 72,
      "num": "072",
      "name": "Tentacool",
      "type": [
        "Water",
        "Poison"
      ],
      "weaknesses": [
        "Electric",
        "Ground",
        "Psychic"
      ]
    },
    {
      "id": 73,
      "num": "073",
      "name": "Tentacruel",
      "type": [
        "Water",
        "Poison"
      ],
      "weaknesses": [
        "Electric",
        "Ground",
        "Psychic"
      ]
    },
    {
      "id": 74,
      "num": "074",
      "name": "Geodude",
      "type": [
        "Rock",
        "Ground"
      ],
      "weaknesses": [
        "Water",
        "Grass",
        "Ice",
        "Fighting",
        "Ground",
        "Steel"
      ]
    },
    {
      "id": 75,
      "num": "075",
      "name": "Graveler",
      "type": [
        "Rock",
        "Ground"
      ],
      "weaknesses": [
        "Water",
        "Grass",
        "Ice",
        "Fighting",
        "Ground",
        "Steel"
      ]
    },
    {
      "id": 76,
      "num": "076",
      "name": "Golem",
      "type": [
        "Rock",
        "Ground"
      ],
      "weaknesses": [
        "Water",
        "Grass",
        "Ice",
        "Fighting",
        "Ground",
        "Steel"
      ]
    },
    {
      "id": 77,
      "num": "077",
      "name": "Ponyta",
      "type": [
        "Fire"
      ],
      "weaknesses": [
        "Water",
        "Ground",
        "Rock"
      ]
    },
    {
      "id": 78,
      "num": "078",
      "name": "Rapidash",
      "type": [
        "Fire"
      ],
      "weaknesses": [
        "Water",
        "Ground",
        "Rock"
      ]
    },
    {
      "id": 79,
      "num": "079",
      "name": "Slowpoke",
      "type": [
        "Water",
        "Psychic"
      ],
      "weaknesses": [
        "Electric",
        "Grass",
        "Bug",
        "Ghost",
        "Dark"
      ]
    },
    {
      "id": 80,
      "num": "080",
      "name": "Slowbro",
      "type": [
        "Water",
        "Psychic"
      ],
      "weaknesses": [
        "Electric",
        "Grass",
        "Bug",
        "Ghost",
        "Dark"
      ]
    },
    {
      "id": 81,
      "num": "081",
      "name": "Magnemite",
      "type": [
        "Electric"
      ],
      "weaknesses": [
        "Fire",
        "Water",
        "Ground"
      ]
    },
    {
      "id": 82,
      "num": "082",
      "name": "Magneton",
      "type": [
        "Electric"
      ],
      "weaknesses": [
        "Fire",
        "Water",
        "Ground"
      ]
    },
    {
      "id": 83,
      "num": "083",
      "name": "Farfetch'd",
      "type": [
        "Normal",
        "Flying"
      ],
      "weaknesses": [
        "Electric",
        "Rock"
      ]
    },
    {
      "id": 84,
      "num": "084",
      "name": "Doduo",
      "type": [
        "Normal",
        "Flying"
      ],
      "weaknesses": [
        "Electric",
        "Rock"
      ]
    },
    {
      "id": 85,
      "num": "085",
      "name": "Dodrio",
      "type": [
        "Normal",
        "Flying"
      ],
      "weaknesses": [
        "Electric",
        "Rock"
      ]
    },
    {
      "id": 86,
      "num": "086",
      "name": "Seel",
      "type": [
        "Water"
      ],
      "weaknesses": [
        "Electric",
        "Grass"
      ]
    },
    {
      "id": 87,
      "num": "087",
      "name": "Dewgong",
      "type": [
        "Water",
        "Ice"
      ],
      "weaknesses": [
        "Electric",
        "Grass",
        "Fighting",
        "Rock"
      ]
    },
    {
      "id": 88,
      "num": "088",
      "name": "Grimer",
      "type": [
        "Poison"
      ],
      "weaknesses": [
        "Ground",
        "Psychic"
      ]
    },
    {
      "id": 89,
      "num": "089",
      "name": "Muk",
      "type": [
        "Poison"
      ],
      "weaknesses": [
        "Ground",
        "Psychic"
      ]
    },
    {
      "id": 90,
      "num": "090",
      "name": "Shellder",
      "type": [
        "Water"
      ],
      "weaknesses": [
        "Electric",
        "Grass"
      ]
    },
    {
      "id": 91,
      "num": "091",
      "name": "Cloyster",
      "type": [
        "Water",
        "Ice"
      ],
      "weaknesses": [
        "Electric",
        "Grass",
        "Fighting",
        "Rock"
      ]
    },
    {
      "id": 92,
      "num": "092",
      "name": "Gastly",
      "type": [
        "Ghost",
        "Poison"
      ],
      "weaknesses": [
        "Ground",
        "Psychic",
        "Ghost",
        "Dark"
      ]
    },
    {
      "id": 93,
      "num": "093",
      "name": "Haunter",
      "type": [
        "Ghost",
        "Poison"
      ],
      "weaknesses": [
        "Ground",
        "Psychic",
        "Ghost",
        "Dark"
      ]
    },
    {
      "id": 94,
      "num": "094",
      "name": "Gengar",
      "type": [
        "Ghost",
        "Poison"
      ],
      "weaknesses": [
        "Ground",
        "Psychic",
        "Ghost",
        "Dark"
      ]
    },
    {
      "id": 95,
      "num": "095",
      "name": "Onix",
      "type": [
        "Rock",
        "Ground"
      ],
      "weaknesses": [
        "Water",
        "Grass",
        "Ice",
        "Fighting",
        "Ground",
        "Steel"
      ]
    },
    {
      "id": 96,
      "num": "096",
      "name": "Drowzee",
      "type": [
        "Psychic"
      ],
      "weaknesses": [
        "Bug",
        "Ghost",
        "Dark"
      ]
    },
    {
      "id": 97,
      "num": "097",
      "name": "Hypno",
      "type": [
        "Psychic"
      ],
      "weaknesses": [
        "Bug",
        "Ghost",
        "Dark"
      ]
    },
    {
      "id": 98,
      "num": "098",
      "name": "Krabby",
      "type": [
        "Water"
      ],
      "weaknesses": [
        "Electric",
        "Grass"
      ]
    },
    {
      "id": 99,
      "num": "099",
      "name": "Kingler",
      "type": [
        "Water"
      ],
      "weaknesses": [
        "Electric",
        "Grass"
      ]
    },
    {
      "id": 100,
      "num": "100",
      "name": "Voltorb",
      "type": [
        "Electric"
      ],
      "weaknesses": [
        "Ground"
      ]
    },
    {
      "id": 101,
      "num": "101",
      "name": "Electrode",
      "type": [
        "Electric"
      ],
      "weaknesses": [
        "Ground"
      ]
    },
    {
      "id": 102,
      "num": "102",
      "name": "Exeggcute",
      "type": [
        "Grass",
        "Psychic"
      ],
      "weaknesses": [
        "Fire",
        "Ice",
        "Poison",
        "Flying",
        "Bug",
        "Ghost",
        "Dark"
      ]
    },
    {
      "id": 103,
      "num": "103",
      "name": "Exeggutor",
      "type": [
        "Grass",
        "Psychic"
      ],
      "weaknesses": [
        "Fire",
        "Ice",
        "Poison",
        "Flying",
        "Bug",
        "Ghost",
        "Dark"
      ]
    },
    {
      "id": 104,
      "num": "104",
      "name": "Cubone",
      "type": [
        "Ground"
      ],
      "weaknesses": [
        "Water",
        "Grass",
        "Ice"
      ]
    },
    {
      "id": 105,
      "num": "105",
      "name": "Marowak",
      "type": [
        "Ground"
      ],
      "weaknesses": [
        "Water",
        "Grass",
        "Ice"
      ]
    },
    {
      "id": 106,
      "num": "106",
      "name": "Hitmonlee",
      "type": [
        "Fighting"
      ],
      "weaknesses": [
        "Flying",
        "Psychic",
        "Fairy"
      ]
    },
    {
      "id": 107,
      "num": "107",
      "name": "Hitmonchan",
      "type": [
        "Fighting"
      ],
      "weaknesses": [
        "Flying",
        "Psychic",
        "Fairy"
      ]
    },
    {
      "id": 108,
      "num": "108",
      "name": "Lickitung",
      "type": [
        "Normal"
      ],
      "weaknesses": [
        "Fighting"
      ]
    },
    {
      "id": 109,
      "num": "109",
      "name": "Koffing",
      "type": [
        "Poison"
      ],
      "weaknesses": [
        "Ground",
        "Psychic"
      ]
    },
    {
      "id": 110,
      "num": "110",
      "name": "Weezing",
      "type": [
        "Poison"
      ],
      "weaknesses": [
        "Ground",
        "Psychic"
      ]
    },
    {
      "id": 111,
      "num": "111",
      "name": "Rhyhorn",
      "type": [
        "Ground",
        "Rock"
      ],
      "weaknesses": [
        "Water",
        "Grass",
        "Ice",
        "Fighting",
        "Ground",
        "Steel"
      ]
    },
    {
      "id": 112,
      "num": "112",
      "name": "Rhydon",
      "type": [
        "Ground",
        "Rock"
      ],
      "weaknesses": [
        "Water",
        "Grass",
        "Ice",
        "Fighting",
        "Ground",
        "Steel"
      ]
    },
    {
      "id": 113,
      "num": "113",
      "name": "Chansey",
      "type": [
        "Normal"
      ],
      "weaknesses": [
        "Fighting"
      ]
    },
    {
      "id": 114,
      "num": "114",
      "name": "Tangela",
      "type": [
        "Grass"
      ],
      "weaknesses": [
        "Fire",
        "Ice",
        "Poison",
        "Flying",
        "Bug"
      ]
    },
    {
      "id": 115,
      "num": "115",
      "name": "Kangaskhan",
      "type": [
        "Normal"
      ],
      "weaknesses": [
        "Fighting"
      ]
    },
    {
      "id": 116,
      "num": "116",
      "name": "Horsea",
      "type": [
        "Water"
      ],
      "weaknesses": [
        "Electric",
        "Grass"
      ]
    },
    {
      "id": 117,
      "num": "117",
      "name": "Seadra",
      "type": [
        "Water"
      ],
      "weaknesses": [
        "Electric",
        "Grass"
      ]
    },
    {
      "id": 118,
      "num": "118",
      "name": "Goldeen",
      "type": [
        "Water"
      ],
      "weaknesses": [
        "Electric",
        "Grass"
      ]
    },
    {
      "id": 119,
      "num": "119",
      "name": "Seaking",
      "type": [
        "Water"
      ],
      "weaknesses": [
        "Electric",
        "Grass"
      ]
    },
    {
      "id": 120,
      "num": "120",
      "name": "Staryu",
      "type": [
        "Water"
      ],
      "weaknesses": [
        "Electric",
        "Grass"
      ]
    },
    {
      "id": 121,
      "num": "121",
      "name": "Starmie",
      "type": [
        "Water",
        "Psychic"
      ],
      "weaknesses": [
        "Electric",
        "Grass",
        "Bug",
        "Ghost",
        "Dark"
      ]
    },
    {
      "id": 122,
      "num": "122",
      "name": "Mr. Mime",
      "type": [
        "Psychic"
      ],
      "weaknesses": [
        "Bug",
        "Ghost",
        "Dark"
      ]
    },
    {
      "id": 123,
      "num": "123",
      "name": "Scyther",
      "type": [
        "Bug",
        "Flying"
      ],
      "weaknesses": [
        "Fire",
        "Electric",
        "Ice",
        "Flying",
        "Rock"
      ]
    },
    {
      "id": 124,
      "num": "124",
      "name": "Jynx",
      "type": [
        "Ice",
        "Psychic"
      ],
      "weaknesses": [
        "Fire",
        "Bug",
        "Rock",
        "Ghost",
        "Dark",
        "Steel"
      ]
    },
    {
      "id": 125,
      "num": "125",
      "name": "Electabuzz",
      "type": [
        "Electric"
      ],
      "weaknesses": [
        "Ground"
      ]
    },
    {
      "id": 126,
      "num": "126",
      "name": "Magmar",
      "type": [
        "Fire"
      ],
      "weaknesses": [
        "Water",
        "Ground",
        "Rock"
      ]
    },
    {
      "id": 127,
      "num": "127",
      "name": "Pinsir",
      "type": [
        "Bug"
      ],
      "weaknesses": [
        "Fire",
        "Flying",
        "Rock"
      ]
    },
    {
      "id": 128,
      "num": "128",
      "name": "Tauros",
      "type": [
        "Normal"
      ],
      "weaknesses": [
        "Fighting"
      ]
    },
    {
      "id": 129,
      "num": "129",
      "name": "Magikarp",
      "type": [
        "Water"
      ],
      "weaknesses": [
        "Electric",
        "Grass"
      ]
    },
    {
      "id": 130,
      "num": "130",
      "name": "Gyarados",
      "type": [
        "Water",
        "Flying"
      ],
      "weaknesses": [
        "Electric",
        "Rock"
      ]
    },
    {
      "id": 131,
      "num": "131",
      "name": "Lapras",
      "type": [
        "Water",
        "Ice"
      ],
      "weaknesses": [
        "Electric",
        "Grass",
        "Fighting",
        "Rock"
      ]
    },
    {
      "id": 132,
      "num": "132",
      "name": "Ditto",
      "type": [
        "Normal"
      ],
      "weaknesses": [
        "Fighting"
      ]
    },
    {
      "id": 133,
      "num": "133",
      "name": "Eevee",
      "type": [
        "Normal"
      ],
      "weaknesses": [
        "Fighting"
      ]
    },
    {
      "id": 134,
      "num": "134",
      "name": "Vaporeon",
      "type": [
        "Water"
      ],
      "weaknesses": [
        "Electric",
        "Grass"
      ]
    },
    {
      "id": 135,
      "num": "135",
      "name": "Jolteon",
      "type": [
        "Electric"
      ],
      "weaknesses": [
        "Ground"
      ]
    },
    {
      "id": 136,
      "num": "136",
      "name": "Flareon",
      "type": [
        "Fire"
      ],
      "weaknesses": [
        "Water",
        "Ground",
        "Rock"
      ]
    },
    {
      "id": 137,
      "num": "137",
      "name": "Porygon",
      "type": [
        "Normal"
      ],
      "weaknesses": [
        "Fighting"
      ]
    },
    {
      "id": 138,
      "num": "138",
      "name": "Omanyte",
      "type": [
        "Rock",
        "Water"
      ],
      "weaknesses": [
        "Electric",
        "Grass",
        "Fighting",
        "Ground"
      ]
    },
    {
      "id": 139,
      "num": "139",
      "name": "Omastar",
      "type": [
        "Rock",
        "Water"
      ],
      "weaknesses": [
        "Electric",
        "Grass",
        "Fighting",
        "Ground"
      ]
    },
    {
      "id": 140,
      "num": "140",
      "name": "Kabuto",
      "type": [
        "Rock",
        "Water"
      ],
      "weaknesses": [
        "Electric",
        "Grass",
        "Fighting",
        "Ground"
      ]
    },
    {
      "id": 141,
      "num": "141",
      "name": "Kabutops",
      "type": [
        "Rock",
        "Water"
      ],
      "weaknesses": [
        "Electric",
        "Grass",
        "Fighting",
        "Ground"
      ]
    },
    {
      "id": 142,
      "num": "142",
      "name": "Aerodactyl",
      "type": [
        "Rock",
        "Flying"
      ],
      "weaknesses": [
        "Water",
        "Electric",
        "Ice",
        "Rock",
        "Steel"
      ]
    },
    {
      "id": 143,
      "num": "143",
      "name": "Snorlax",
      "type": [
        "Normal"
      ],
      "weaknesses": [
        "Fighting"
      ]
    },
    {
      "id": 144,
      "num": "144",
      "name": "Articuno",
      "type": [
        "Ice",
        "Flying"
      ],
      "weaknesses": [
        "Fire",
        "Electric",
        "Rock",
        "Steel"
      ]
    },
    {
      "id": 145,
      "num": "145",
      "name": "Zapdos",
      "type": [
        "Electric",
        "Flying"
      ],
      "weaknesses": [
        "Ice",
        "Rock"
      ]
    },
    {
      "id": 146,
      "num": "146",
      "name": "Moltres",
      "type": [
        "Fire",
        "Flying"
      ],
      "weaknesses": [
        "Water",
        "Electric",
        "Rock"
      ]
    },
    {
      "id": 147,
      "num": "147",
      "name": "Dratini",
      "type": [
        "Dragon"
      ],
      "weaknesses": [
        "Ice",
        "Dragon",
        "Fairy"
      ]
    },
    {
      "id": 148,
      "num": "148",
      "name": "Dragonair",
      "type": [
        "Dragon"
      ],
      "weaknesses": [
        "Ice",
        "Dragon",
        "Fairy"
      ]
    },
    {
      "id": 149,
      "num": "149",
      "name": "Dragonite",
      "type": [
        "Dragon",
        "Flying"
      ],
      "weaknesses": [
        "Ice",
        "Rock",
        "Dragon",
        "Fairy"
      ]
    },
    {
      "id": 150,
      "num": "150",
      "name": "Mewtwo",
      "type": [
        "Psychic"
      ],
      "weaknesses": [
        "Bug",
        "Ghost",
        "Dark"
      ]
    },
    {
      "id": 151,
      "num": "151",
      "name": "Mew",
      "type": [
        "Psychic"
      ],
      "weaknesses": [
        "Bug",
        "Ghost",
        "Dark"
      ]
    }
  ]
}
]